0,Staff
1,Raymond Pettit
2,Raymond Pettit
3,Luther Tychonievich
4,Raymond Pettit
5,Raymond Pettit
6,Raymond Pettit
7,Raymond Pettit
8,Raymond Pettit
9,Raymond Pettit
10,Raymond Pettit
11,Panagiotis Apostolellis
12,Elizabeth Orrico
13,Nada Basit
14,Mark Floryan
15,Mark Floryan
16,Mark Floryan
17,Mark Floryan
18,Derrick Stone
19,Derrick Stone
20,Derrick Stone
21,Elizabeth Orrico
22,Briana Morrison
23,Briana Morrison
24,Luther Tychonievich
25,Daniel Graham
26,Luther Tychonievich
27,Luther Tychonievich
28,Aaron Bloomfield
29,Aaron Bloomfield
30,Aaron Bloomfield
31,Aaron Bloomfield
32,Aaron Bloomfield
33,Aaron Bloomfield
34,Aaron Bloomfield
35,Aaron Bloomfield
36,Aaron Bloomfield
37,Staff
38,Nathan Brunelle
39,Staff
40,Panagiotis Apostolellis
41,Paul McBurney
42,Paul McBurney
43,Paul McBurney
44,Upsorn Praphamontripong
45,Staff
46,Staff
47,Staff
48,TBA
49,Staff
50,Staff
51,Staff
52,Tom Fletcher
53,Joanne Dugan
54,Angela Orebaugh
55,Angela Orebaugh
56,Robbie Hott
57,Tom Horton
58,Charles Reiss
59,Staff
60,Brad Campbell
61,Haifeng Xu
62,Angela Orebaugh
62, Daniel Graham
62, Deborah Johnson
62, Jack Davidson
63,Madhur Behl
64,Seongkook Heo
65,David Evans
66,John Stankovic
67,Scott Acton
68,Staff
69,Staff
70,Aaron Bloomfield
71,Charles Reiss
72,Mark Floryan
73,Haiying Shen
74,Upsorn Praphamontripong
75,Daniel Graham
76,TBA
77,Charles Holt
77, Erica Sprott
78,Carter Doyle
79,Carter Doyle
80,Staff
81,Staff
82,Staff
83,Staff
84,Staff
85,Staff
86,Staff
87,Staff
88,Staff
89,Staff
90,Staff
91,Staff
92,Staff
93,Staff
94,Staff
95,Staff
96,Staff
97,Staff
98,Staff
99,Staff
100,Staff
101,Geoffrey Carr
102,Geoffrey Carr
103,Staff
104,Staff
105,Staff
106,Lee Coppock
107,Lee Coppock
108,Staff
109,Staff
110,Staff
111,Staff
112,Staff
113,Staff
114,Staff
115,Staff
116,Staff
117,Staff
118,Staff
119,Staff
120,Staff
121,Staff
122,Staff
123,Staff
124,Staff
125,Staff
126,Staff
127,Staff
128,Staff
129,Staff
130,Staff
131,Staff
132,Staff
133,Staff
134,Staff
135,Staff
136,Staff
137,Staff
138,Staff
139,Staff
140,Staff
141,Staff
142,Staff
143,Staff
144,Staff
145,Staff
146,Staff
147,Staff
148,Staff
149,Staff
150,Staff
151,Staff
152,Staff
153,Staff
154,Staff
155,Staff
156,Staff
157,Staff
158,Jennifer Bair
158, Kerem Cosar
158, Robert Bruner
158, Sonal Pandya
159,Peter Troyan
160,Peter Troyan
161,Staff
162,Staff
163,Staff
164,Staff
165,Staff
166,Staff
167,Andrew Kloosterman
168,Staff
169,Staff
170,Staff
171,Staff
172,Marc Santugini Repiquet
173,Staff
174,Staff
175,Staff
176,Staff
177,Christopher Mcgee
178,Christopher Mcgee
179,Staff
180,Staff
181,Staff
182,Staff
183,Staff
184,Staff
185,Staff
186,Staff
187,Maria Westerfield
188,Staff
189,Staff
190,Staff
191,Staff
192,Carter Doyle
193,Staff
194,Staff
195,Staff
196,Zachary Bethune
197,Staff
198,Staff
199,Staff
200,Zachary Bethune
201,Staff
202,Staff
203,Staff
204,Sarah Turner
205,Staff
206,Staff
207,Staff
208,Maxim Engers
209,Staff
210,Staff
211,Ronald Michener
212,Staff
213,Staff
214,Staff
215,Staff
216,Stefan Ruediger
217,Staff
218,Staff
219,Staff
220,Staff
221,Stefan Ruediger
222,Staff
223,Staff
224,Staff
225,Staff
226,Jonathan Colmer
227,Staff
228,Staff
229,Staff
230,Staff
231,Terence Johnson
232,Staff
233,Staff
234,Gaurab Aryal
235,Terence Johnson
236,Amalia Miller
237,Maria Westerfield
238,Michael Moore
239,Michael Moore
240,William Johnson
241,Michael Moore
242,Staff
243,Staff
244,Staff
245,Marc Santugini Repiquet
246,Marc Santugini Repiquet
247,Federico Ciliberto
247, Gaurab Aryal
248,Anthony Swisher
249,Eric Van Wincoop
250,John Mclaren
251,Jessica Kripalani
252,Staff
253,Staff
254,Staff
255,Christopher Mcgee
256,Staff
257,Staff
258,Staff
259,Staff
260,Steven Peterson
261,Edwin Burton
262,Sheetal Sekhri
263,Sheetal Sekhri
264,Staff
265,Staff
266,Staff
267,Staff
268,James Harrigan
269,Staff
270,Staff
271,Denis Nekipelov
272,Shan Aman-Rana
273,Staff
274,Staff
275,Sandip Sukhtankar
276,Ronald Michener
277,Staff
278,Staff
279,Lidia Kosenkova
280,Staff
281,Staff
282,Charles Holt
283,Lee Lockwood
