0,Lecture,0
1,Discussion,0
2,Discussion,0
3,Discussion,0
4,Discussion,0
5,Discussion,0
6,Discussion,0
7,Discussion,0
8,Discussion,0
9,Discussion,0
10,SEM,1
11,SEM,1
12,SEM,2
13,SEM,2
14,SEM,2
15,SEM,2
16,SEM,2
17,SEM,3
18,SEM,4
19,SEM,5
20,SEM,6
21,SEM,6
22,SEM,6
23,SEM,6
24,IND,7
25,IND,7
26,IND,7
27,IND,7
28,IND,7
29,IND,7
30,IND,7
31,SEM,8
32,SEM,8
33,SEM,8
34,Lecture,9
35,Lecture,9
36,Lecture,10
37,Lecture,10
38,Lecture,11
39,Lecture,11
40,Lecture,12
41,Lecture,12
42,Lecture,13
43,Lecture,14
44,SEM,15
45,Lecture,16
46,Lecture,16
47,Lecture,17
48,Discussion,17
49,Discussion,17
50,Discussion,17
51,Discussion,17
52,Discussion,17
53,Discussion,17
54,Discussion,17
55,Discussion,17
56,Discussion,17
57,Discussion,17
58,Discussion,17
59,Discussion,17
60,SEM,18
61,SEM,18
62,Lecture,19
63,Discussion,19
64,Discussion,19
65,Discussion,19
66,Discussion,19
67,SEM,20
68,Lecture,21
69,Lecture,21
70,Lecture,22
71,Discussion,22
72,Discussion,22
73,Discussion,22
74,Discussion,22
75,Discussion,22
76,Discussion,22
77,SEM,23
78,SEM,23
79,SEM,23
80,Lecture,24
81,IND,25
82,Lecture,26
83,Discussion,26
84,Discussion,26
85,Discussion,26
86,Discussion,26
87,Discussion,26
88,Discussion,26
89,Discussion,26
90,Discussion,26
91,Discussion,26
92,Lecture,27
93,Discussion,27
94,Discussion,27
95,Discussion,27
96,Discussion,27
97,Discussion,27
98,Discussion,27
99,Lecture,28
100,Discussion,28
101,Discussion,28
102,Discussion,28
103,Discussion,28
104,Discussion,28
105,Discussion,28
106,Discussion,28
107,Lecture,29
108,Lecture,30
109,Lecture,31
110,Discussion,31
111,Discussion,31
112,Discussion,31
113,Lecture,32
114,Discussion,32
115,Discussion,32
116,Discussion,32
117,Discussion,32
118,Discussion,32
119,Discussion,32
120,Lecture,33
121,Lecture,34
122,Discussion,34
123,Discussion,34
124,Discussion,34
125,Discussion,34
126,Discussion,34
127,Discussion,34
128,Lecture,35
129,Discussion,35
130,Discussion,35
131,Discussion,35
132,Lecture,36
133,Lecture,37
134,Discussion,37
135,Discussion,37
136,Discussion,37
137,Lecture,38
138,Lecture,38
139,Lecture,39
140,Lecture,40
141,Lecture,41
142,Lecture,42
143,Lecture,43
144,Lecture,44
145,Lecture,45
146,Discussion,45
147,Discussion,45
148,Discussion,45
149,Lecture,46
150,Lecture,47
151,Lecture,47
152,Lecture,48
153,Lecture,49
154,Lecture,49
155,Lecture,49
156,Lecture,49
157,Lecture,50
158,SEM,51
159,SEM,51
160,SEM,51
161,Lecture,52
162,Lecture,52
163,Lecture,52
164,Lecture,52
165,Lecture,53
166,Lecture,53
167,Lecture,53
168,Lecture,53
169,Lecture,53
170,Lecture,53
171,Lecture,54
172,Lecture,54
173,Lecture,54
174,Lecture,54
175,Lecture,54
176,Lecture,54
177,Lecture,55
178,Lecture,56
179,Lecture,56
180,Lecture,56
181,Lecture,56
182,Lecture,56
183,Lecture,57
184,Lecture,57
185,Lecture,57
186,Lecture,57
187,Lecture,57
188,Lecture,57
189,Lecture,58
190,Lecture,58
191,Lecture,58
192,Lecture,58
193,Lecture,59
194,Lecture,60
195,Lecture,60
196,Lecture,61
197,Lecture,61
198,Lecture,62
199,Lecture,62
200,Lecture,63
201,Lecture,64
202,Lecture,64
203,Lecture,65
204,Lecture,66
205,Lecture,67
206,Lecture,68
207,Lecture,69
208,SEM,70
209,SEM,71
210,STO,72
211,Lecture,73
212,Lecture,74
213,Lecture,75
214,STO,76
215,STO,77
216,Lecture,78
217,Discussion,78
218,Discussion,78
219,Discussion,78
220,Discussion,78
221,Discussion,78
222,STO,79
223,STO,79
224,STO,79
225,STO,79
226,STO,79
227,STO,79
228,STO,79
229,STO,80
230,STO,80
231,STO,80
232,STO,80
233,STO,80
234,STO,80
235,IND,81
236,IND,81
237,IND,81
238,IND,81
239,IND,82
240,Lecture,83
241,Discussion,83
242,Discussion,83
243,Discussion,83
244,Discussion,83
245,Discussion,83
246,Discussion,83
247,Discussion,83
248,Discussion,83
249,Discussion,83
250,SEM,84
251,Lecture,85
252,Lecture,86
253,SEM,87
254,SEM,87
255,Lecture,88
256,Lecture,89
257,Discussion,89
258,Discussion,89
259,Discussion,89
260,Lecture,90
261,Discussion,90
262,Discussion,90
263,Discussion,90
264,Lecture,91
265,Lecture,92
266,Lecture,93
267,Lecture,94
268,Discussion,94
269,Discussion,94
270,Discussion,94
271,Lecture,95
272,Lecture,96
273,Lecture,97
274,SEM,98
275,Lecture,99
276,Lecture,100
277,Lecture,100
278,Lecture,100
279,Lecture,100
280,Lecture,101
281,Lecture,102
282,Discussion,102
283,SEM,103
284,SEM,103
285,SEM,103
286,SEM,103
287,Lecture,104
288,Lecture,105
289,STO,106
290,STO,106
291,STO,106
292,STO,106
293,STO,106
294,STO,106
295,STO,107
296,STO,108
297,STO,109
298,STO,109
299,STO,110
300,STO,111
301,STO,111
302,STO,112
303,STO,113
304,STO,114
305,STO,115
306,STO,116
307,STO,117
308,STO,118
309,STO,119
310,STO,120
311,Lecture,121
312,STO,122
313,STO,123
314,Lecture,124
315,STO,125
316,STO,126
317,STO,127
318,SEM,128
319,STO,129
320,STO,130
321,STO,131
322,SEM,132
323,SEM,132
324,SEM,132
325,SEM,132
326,DRL,132
327,DRL,132
328,DRL,132
329,DRL,132
330,SEM,133
331,SEM,133
332,SEM,133
333,SEM,133
334,SEM,134
335,PRA,135
336,Lecture,136
337,Lecture,137
338,Lecture,138
339,Lecture,139
340,Lecture,139
341,Lecture,140
342,Lecture,141
343,Lecture,142
344,Lecture,143
345,Discussion,143
346,Lecture,144
347,Laboratory,144
348,Laboratory,144
349,Lecture,145
350,Lecture,146
351,Lecture,147
352,Laboratory,148
353,Lecture,149
354,Lecture,150
355,Lecture,150
356,Laboratory,150
357,Laboratory,150
358,Laboratory,150
359,Laboratory,150
360,Laboratory,150
361,Laboratory,150
362,Laboratory,150
363,Laboratory,150
364,Laboratory,150
365,Laboratory,150
366,Laboratory,150
367,Laboratory,150
368,Laboratory,150
369,Laboratory,150
370,Laboratory,150
371,Laboratory,150
372,Laboratory,150
373,Laboratory,150
374,Laboratory,150
375,Laboratory,150
376,Laboratory,150
377,Laboratory,150
378,Laboratory,150
379,Laboratory,150
380,Laboratory,150
381,Laboratory,150
382,Laboratory,150
383,Laboratory,150
384,Laboratory,150
385,Laboratory,150
386,Laboratory,150
387,Laboratory,150
388,Laboratory,150
389,Lecture,151
390,Lecture,152
391,Lecture,153
392,Lecture,154
393,Discussion,154
394,Lecture,155
395,Lecture,156
396,Lecture,157
397,Lecture,158
398,Lecture,159
399,Laboratory,159
400,Laboratory,159
401,Laboratory,159
402,Laboratory,159
403,Laboratory,159
404,Laboratory,159
405,Laboratory,159
406,Laboratory,159
407,Laboratory,159
408,Laboratory,159
409,Lecture,160
410,Laboratory,160
411,Laboratory,160
412,Laboratory,160
413,Laboratory,160
414,Laboratory,160
415,Laboratory,160
416,Laboratory,160
417,Laboratory,160
418,Laboratory,160
419,Laboratory,160
420,Laboratory,160
421,Laboratory,161
422,Lecture,162
423,Lecture,163
424,Laboratory,163
425,Laboratory,163
426,Lecture,164
427,Lecture,165
428,Lecture,166
429,Lecture,167
430,SEM,168
431,Lecture,169
432,Lecture,170
433,SEM,171
434,Lecture,172
435,Lecture,173
436,Lecture,174
437,Lecture,175
438,Lecture,176
439,Lecture,177
440,Lecture,178
441,Lecture,179
442,Laboratory,179
443,Laboratory,179
444,Laboratory,179
445,Lecture,180
446,Lecture,181
447,Lecture,182
448,Lecture,183
449,Lecture,184
450,Lecture,185
451,Lecture,186
452,Lecture,187
453,Lecture,188
454,Discussion,189
455,Lecture,190
456,Lecture,191
457,Laboratory,192
458,Laboratory,192
459,Laboratory,192
460,Lecture,193
461,Lecture,193
462,Lecture,194
463,Lecture,195
464,Lecture,196
465,Lecture,197
466,WKS,198
467,Lecture,199
468,Laboratory,199
469,Lecture,200
470,Laboratory,201
471,Lecture,202
472,Lecture,203
473,Lecture,204
474,Lecture,205
475,Lecture,206
476,Lecture,207
477,Lecture,208
478,Lecture,209
479,Lecture,210
480,Laboratory,210
481,Laboratory,210
482,Lecture,211
483,Lecture,212
484,Lecture,213
485,Lecture,214
486,Lecture,215
487,Lecture,215
488,Lecture,215
489,Lecture,215
490,Lecture,216
491,Lecture,217
492,WKS,217
493,WKS,217
494,WKS,217
495,Lecture,217
496,WKS,217
497,WKS,217
498,WKS,217
499,Lecture,217
500,WKS,217
501,WKS,217
502,WKS,217
503,Laboratory,218
504,Laboratory,218
505,Laboratory,218
506,Laboratory,218
507,Laboratory,218
508,Laboratory,218
509,Laboratory,218
510,Laboratory,218
511,Laboratory,218
512,Laboratory,218
513,Laboratory,218
514,Laboratory,218
515,Laboratory,218
516,Laboratory,218
517,Laboratory,218
518,Laboratory,218
519,Laboratory,218
520,Laboratory,218
521,Laboratory,218
522,Laboratory,218
523,Laboratory,218
524,Laboratory,218
525,Laboratory,218
526,Laboratory,218
527,Laboratory,218
528,Laboratory,218
529,Laboratory,218
530,Laboratory,218
531,Laboratory,218
532,Laboratory,218
533,Laboratory,218
534,Laboratory,218
535,Laboratory,218
536,Laboratory,218
537,Laboratory,218
538,Laboratory,218
539,Laboratory,218
540,Laboratory,218
541,Laboratory,218
542,Laboratory,218
543,Lecture,219
544,Lecture,220
545,Discussion,220
546,Lecture,221
547,Laboratory,221
548,Laboratory,221
549,Laboratory,221
550,Laboratory,221
551,Laboratory,221
552,Laboratory,222
553,Laboratory,222
554,Laboratory,222
555,Laboratory,222
556,Laboratory,222
557,Laboratory,222
558,Laboratory,222
559,Laboratory,222
560,Laboratory,222
561,Laboratory,222
562,Laboratory,222
563,Laboratory,222
564,Laboratory,222
565,Laboratory,222
566,Laboratory,222
567,Laboratory,222
568,Laboratory,222
569,Laboratory,222
570,Laboratory,222
571,Laboratory,222
572,Lecture,223
573,Discussion,223
574,Lecture,223
575,Discussion,223
576,Lecture,223
577,Discussion,223
578,Lecture,223
579,Discussion,223
580,Lecture,224
581,Laboratory,224
582,Laboratory,224
583,Laboratory,224
584,Laboratory,224
585,Laboratory,224
586,Laboratory,224
587,Laboratory,224
588,Laboratory,224
589,Laboratory,224
590,Lecture,225
591,Discussion,225
592,Lecture,226
593,Discussion,226
594,Lecture,227
595,Laboratory,227
596,Laboratory,227
597,Laboratory,227
598,Laboratory,227
599,IND,228
600,IND,229
601,Lecture,230
602,Lecture,231
603,Laboratory,231
604,Laboratory,231
605,Laboratory,231
606,Laboratory,231
607,Lecture,232
608,Laboratory,232
609,Laboratory,232
610,Lecture,233
611,Discussion,233
612,Lecture,234
613,Lecture,235
614,Lecture,236
615,Lecture,236
616,Lecture,236
617,Lecture,236
618,Lecture,236
619,Lecture,237
620,Lecture,238
621,Lecture,238
622,Lecture,238
623,Lecture,238
624,Lecture,239
625,Lecture,240
626,Lecture,241
627,Lecture,241
628,Lecture,241
629,Lecture,242
630,Lecture,243
631,Lecture,244
632,Lecture,244
633,Lecture,245
634,SEM,246
635,Lecture,247
636,Lecture,248
637,SEM,249
638,Lecture,250
639,Discussion,250
640,Discussion,250
641,Discussion,250
642,Discussion,250
643,Lecture,251
644,Discussion,251
645,Discussion,251
646,Discussion,251
647,Discussion,251
648,Discussion,251
649,Discussion,251
650,Discussion,251
651,Discussion,251
652,Discussion,251
653,Lecture,252
654,Lecture,253
655,Lecture,254
656,IND,255
657,IND,255
658,IND,255
659,IND,255
660,IND,255
661,IND,255
662,IND,255
663,IND,255
664,IND,255
665,IND,255
666,IND,255
667,IND,255
668,IND,255
669,IND,255
670,IND,255
671,IND,255
672,IND,255
673,IND,255
674,IND,255
675,IND,255
676,Lecture,256
677,Lecture,256
678,Lecture,256
679,Lecture,257
680,SPS,257
681,Lecture,258
682,SPS,258
683,Lecture,259
684,Lecture,260
685,Lecture,261
686,Lecture,261
687,Lecture,261
688,Lecture,261
689,Lecture,261
690,Lecture,261
691,Lecture,261
692,Lecture,261
693,Lecture,262
694,Lecture,262
695,Lecture,262
696,Lecture,262
697,Lecture,262
698,Lecture,262
699,Lecture,262
700,Lecture,262
701,Lecture,263
702,Lecture,263
703,Lecture,264
704,Lecture,264
705,Lecture,264
706,Lecture,265
707,Lecture,265
708,Lecture,265
709,Lecture,266
710,Lecture,267
711,Lecture,267
712,Lecture,267
713,Lecture,268
714,Lecture,268
715,Lecture,269
716,Lecture,269
717,Lecture,270
718,Lecture,270
719,Lecture,271
720,Lecture,271
721,Lecture,271
722,Lecture,271
723,Lecture,271
724,Lecture,271
725,Lecture,272
726,Lecture,272
727,Lecture,273
728,Lecture,274
729,Lecture,275
730,Lecture,276
731,Lecture,277
732,Lecture,277
733,Lecture,278
734,Lecture,278
735,Lecture,279
736,Laboratory,280
737,Lecture,281
738,Lecture,282
739,Lecture,282
740,Lecture,282
741,Lecture,283
742,Lecture,284
743,Lecture,284
744,Lecture,284
745,Lecture,284
746,Lecture,284
747,Lecture,284
748,Lecture,284
749,Lecture,284
750,Lecture,284
751,Lecture,285
752,Lecture,285
753,Lecture,286
754,Lecture,287
755,Lecture,288
756,Lecture,289
757,Lecture,290
758,Lecture,291
759,Lecture,292
760,Lecture,293
761,Lecture,293
762,Lecture,294
763,Lecture,294
764,Lecture,295
765,Lecture,296
766,Lecture,297
767,Lecture,298
768,Lecture,299
769,Lecture,300
770,Lecture,301
771,IND,302
772,IND,303
773,Lecture,304
774,WKS,305
775,WKS,306
776,Lecture,307
777,Lecture,308
778,Lecture,308
779,Lecture,308
780,Laboratory,308
781,Laboratory,308
782,Laboratory,308
783,Laboratory,308
784,Laboratory,308
785,Laboratory,308
786,Laboratory,308
787,Lecture,309
788,Lecture,310
789,Lecture,311
790,Lecture,311
791,Laboratory,311
792,Laboratory,311
793,Laboratory,311
794,Lecture,312
795,Laboratory,312
796,Laboratory,312
797,Lecture,313
798,Lecture,313
799,Lecture,313
800,Lecture,314
801,Lecture,314
802,Laboratory,314
803,Laboratory,314
804,Lecture,315
805,Lecture,315
806,Laboratory,315
807,Laboratory,315
808,Laboratory,315
809,Laboratory,315
810,Laboratory,315
811,Laboratory,315
812,Laboratory,315
813,PRA,316
814,Lecture,317
815,Lecture,317
816,Lecture,318
817,Lecture,319
818,Lecture,319
819,Laboratory,319
820,Lecture,320
821,Lecture,321
822,Laboratory,321
823,Laboratory,321
824,Lecture,321
825,Laboratory,321
826,Laboratory,321
827,Laboratory,321
828,Lecture,322
829,Lecture,322
830,Lecture,323
831,Lecture,323
832,Lecture,324
833,Lecture,324
834,Lecture,325
835,Lecture,325
836,Lecture,326
837,Lecture,327
838,Lecture,327
839,Lecture,327
840,Lecture,327
841,Lecture,327
842,Lecture,327
843,Lecture,327
844,Lecture,327
845,Lecture,327
846,Lecture,327
847,Lecture,328
848,Lecture,329
849,Lecture,330
850,Lecture,331
851,Lecture,332
852,Lecture,333
853,STO,334
854,STO,335
855,STO,336
856,Laboratory,337
857,STO,338
858,SEM,339
859,SEM,340
860,STO,341
861,Lecture,342
862,Lecture,342
863,Lecture,343
864,Lecture,343
865,Lecture,343
866,Lecture,343
867,Lecture,343
868,SEM,344
869,SEM,345
870,SEM,345
871,SEM,345
872,SEM,345
873,SEM,345
874,SEM,345
875,SEM,345
876,SEM,345
877,Lecture,346
878,Laboratory,347
879,Laboratory,347
880,Laboratory,347
881,Laboratory,347
882,Laboratory,347
883,Lecture,348
884,STO,349
885,STO,349
886,STO,349
887,STO,349
888,Laboratory,350
889,Lecture,351
890,Laboratory,352
891,Laboratory,352
892,Laboratory,352
893,Laboratory,352
894,Laboratory,352
895,Laboratory,352
896,Laboratory,353
897,Lecture,354
898,Lecture,355
899,Lecture,355
900,Laboratory,356
901,Laboratory,357
902,Lecture,358
903,Lecture,359
904,STO,360
905,Lecture,361
906,Lecture,362
907,Laboratory,363
908,WKS,364
909,STO,365
910,STO,366
911,Laboratory,367
912,Laboratory,367
913,STO,368
914,Laboratory,369
915,WKS,370
916,SEM,371
917,Lecture,372
918,Lecture,373
919,Lecture,374
920,Lecture,374
921,Lecture,375
922,Lecture,376
923,Lecture,377
924,Discussion,377
925,Discussion,377
926,Discussion,377
927,Lecture,378
928,Lecture,379
929,STO,379
930,STO,379
931,STO,379
932,STO,379
933,STO,379
934,STO,380
935,STO,381
936,Lecture,382
937,Laboratory,383
938,Laboratory,383
939,STO,384
940,Lecture,385
941,Lecture,386
942,STO,387
943,Lecture,388
944,Lecture,389
945,Laboratory,390
946,Laboratory,390
947,Lecture,391
948,Lecture,392
949,Lecture,393
950,Lecture,394
951,Lecture,394
952,Lecture,394
953,Lecture,394
954,Lecture,395
955,Laboratory,396
956,Laboratory,396
957,Lecture,397
958,Lecture,398
959,Lecture,399
960,Lecture,399
961,Discussion,399
962,Discussion,399
963,Discussion,399
964,Discussion,399
965,Discussion,399
966,Discussion,399
967,Discussion,399
968,Discussion,399
969,Discussion,399
970,Discussion,399
971,Discussion,399
972,Discussion,399
973,Discussion,399
974,Discussion,399
975,Discussion,399
976,Discussion,399
977,Discussion,399
978,Discussion,399
979,Discussion,399
980,Discussion,399
981,Discussion,399
982,Lecture,399
983,Lecture,399
984,Discussion,399
985,Discussion,399
986,Discussion,399
987,Lecture,400
988,Lecture,400
989,Discussion,400
990,Discussion,400
991,Discussion,400
992,Discussion,400
993,Discussion,400
994,Discussion,400
995,Discussion,400
996,Discussion,400
997,Discussion,400
998,Discussion,400
999,Discussion,400
1000,Discussion,400
1001,Discussion,400
1002,Discussion,400
1003,Discussion,400
1004,Discussion,400
1005,Discussion,400
1006,Discussion,400
1007,Discussion,400
1008,Discussion,400
1009,Discussion,400
1010,Discussion,400
1011,Discussion,400
1012,Discussion,400
1013,Discussion,400
1014,Discussion,400
1015,Discussion,400
1016,Discussion,400
1017,Discussion,400
1018,Discussion,400
1019,Discussion,400
1020,Discussion,400
1021,Discussion,400
1022,Discussion,400
1023,Discussion,400
1024,Discussion,400
1025,Discussion,400
1026,Discussion,400
1027,Discussion,400
1028,Discussion,400
1029,Discussion,400
1030,Discussion,400
1031,Discussion,400
1032,Discussion,400
1033,Discussion,400
1034,Discussion,400
1035,Discussion,400
1036,Discussion,400
1037,Discussion,400
1038,Discussion,400
1039,Lecture,401
1040,Lecture,402
1041,Lecture,402
1042,Discussion,402
1043,Discussion,402
1044,Discussion,402
1045,Discussion,402
1046,Discussion,402
1047,Discussion,402
1048,Lecture,402
1049,Discussion,402
1050,Discussion,402
1051,Discussion,402
1052,Discussion,402
1053,Lecture,402
1054,Discussion,402
1055,Discussion,402
1056,Discussion,402
1057,Discussion,402
1058,Lecture,403
1059,Lecture,403
1060,Discussion,403
1061,Discussion,403
1062,Discussion,403
1063,Discussion,403
1064,Discussion,403
1065,Discussion,403
1066,Discussion,403
1067,Discussion,403
1068,Lecture,403
1069,Discussion,403
1070,Discussion,403
1071,Discussion,403
1072,Discussion,403
1073,Lecture,404
1074,Discussion,404
1075,Discussion,404
1076,Discussion,404
1077,Lecture,404
1078,Discussion,404
1079,Discussion,404
1080,Discussion,404
1081,Lecture,404
1082,Discussion,404
1083,Discussion,404
1084,Discussion,404
1085,Lecture,405
1086,Discussion,405
1087,Discussion,405
1088,Discussion,405
1089,Lecture,406
1090,Discussion,406
1091,Discussion,406
1092,Lecture,407
1093,Discussion,407
1094,Discussion,407
1095,Discussion,407
1096,Discussion,407
1097,Lecture,407
1098,Discussion,407
1099,Discussion,407
1100,Discussion,407
1101,Discussion,407
1102,Lecture,407
1103,Discussion,407
1104,Discussion,407
1105,Discussion,407
1106,Discussion,407
1107,Lecture,407
1108,Discussion,407
1109,Discussion,407
1110,Discussion,407
1111,Discussion,407
1112,Lecture,408
1113,Discussion,408
1114,Discussion,408
1115,Lecture,409
1116,Lecture,410
1117,SEM,411
1118,Lecture,412
1119,Lecture,413
1120,Lecture,413
1121,Lecture,414
1122,Lecture,415
1123,Discussion,415
1124,Discussion,415
1125,Discussion,415
1126,Lecture,416
1127,Lecture,416
1128,Lecture,417
1129,Lecture,418
1130,Lecture,419
1131,Lecture,420
1132,Lecture,421
1133,Discussion,421
1134,Discussion,421
1135,Discussion,421
1136,Lecture,422
1137,Discussion,422
1138,Discussion,422
1139,Discussion,422
1140,Discussion,422
1141,Lecture,423
1142,Lecture,424
1143,Lecture,425
1144,Lecture,425
1145,Discussion,425
1146,Discussion,425
1147,Discussion,425
1148,Discussion,425
1149,Lecture,426
1150,Discussion,426
1151,Discussion,426
1152,Lecture,427
1153,Lecture,428
1154,Discussion,428
1155,Discussion,428
1156,Lecture,429
1157,Lecture,430
1158,Discussion,430
1159,Discussion,430
1160,Lecture,431
1161,Discussion,431
1162,Discussion,431
1163,Lecture,432
1164,Lecture,433
1165,Lecture,434
1166,Lecture,435
1167,Lecture,436
1168,Lecture,437
1169,Lecture,438
1170,Lecture,439
1171,PRA,440
1172,PRA,440
1173,Lecture,441
1174,Lecture,442
1175,Lecture,443
1176,Lecture,444
1177,Lecture,445
1178,Lecture,446
1179,Lecture,447
1180,Lecture,448
1181,Lecture,449
1182,Lecture,450
1183,Lecture,451
1184,Lecture,452
1185,Lecture,453
1186,Lecture,454
1187,Lecture,455
1188,Lecture,455
1189,Lecture,455
1190,Lecture,455
1191,Lecture,455
1192,Lecture,455
1193,Lecture,455
1194,Lecture,456
1195,PRA,457
1196,PRA,457
1197,PRA,457
1198,PRA,457
1199,PRA,457
1200,PRA,457
1201,PRA,457
1202,Lecture,458
1203,Lecture,459
1204,Lecture,460
1205,Lecture,461
1206,PRA,462
1207,Lecture,463
1208,Lecture,463
1209,Lecture,464
1210,PRA,465
1211,PRA,466
1212,PRA,467
1213,Lecture,468
1214,Lecture,469
1215,Lecture,470
1216,Lecture,471
1217,Lecture,472
1218,Lecture,473
1219,Lecture,474
1220,Lecture,475
1221,Lecture,476
1222,Lecture,476
1223,Lecture,477
1224,Lecture,477
1225,Lecture,478
1226,SEM,479
1227,SEM,480
1228,PRA,481
1229,PRA,482
1230,Lecture,483
1231,Lecture,484
1232,Lecture,484
1233,Lecture,485
1234,SEM,486
1235,Lecture,487
1236,Lecture,488
1237,Lecture,489
1238,Lecture,490
1239,Lecture,491
1240,Lecture,492
1241,Lecture,492
1242,Lecture,493
1243,Lecture,494
1244,Lecture,495
1245,Lecture,496
1246,Lecture,497
1247,Lecture,498
1248,Lecture,499
1249,Lecture,500
1250,Lecture,500
1251,Lecture,500
1252,Lecture,500
1253,Lecture,500
1254,Lecture,500
1255,Lecture,500
1256,Lecture,500
1257,Lecture,500
1258,Lecture,500
1259,Lecture,500
1260,Lecture,500
1261,Lecture,500
1262,Lecture,500
1263,Lecture,500
1264,Lecture,500
1265,Lecture,501
1266,Lecture,501
1267,Lecture,501
1268,Lecture,501
1269,Lecture,501
1270,Lecture,501
1271,Lecture,501
1272,Lecture,501
1273,Lecture,501
1274,Lecture,501
1275,Lecture,501
1276,Lecture,501
1277,Lecture,501
1278,Lecture,501
1279,Lecture,501
1280,Lecture,501
1281,Lecture,501
1282,Lecture,501
1283,Lecture,501
1284,Lecture,502
1285,Lecture,502
1286,Lecture,502
1287,Lecture,502
1288,Lecture,502
1289,Lecture,502
1290,Lecture,502
1291,Lecture,502
1292,Lecture,502
1293,Lecture,502
1294,Lecture,502
1295,Lecture,502
1296,Lecture,502
1297,Lecture,502
1298,Lecture,502
1299,Lecture,502
1300,Lecture,502
1301,Lecture,502
1302,Lecture,502
1303,Lecture,502
1304,Lecture,503
1305,Lecture,503
1306,Lecture,503
1307,Lecture,503
1308,Lecture,503
1309,Lecture,503
1310,Lecture,503
1311,Lecture,503
1312,Lecture,503
1313,Lecture,503
1314,Lecture,503
1315,Lecture,503
1316,Lecture,503
1317,Lecture,503
1318,Lecture,504
1319,SEM,505
1320,SEM,505
1321,WKS,506
1322,WKS,507
1323,WKS,507
1324,WKS,507
1325,WKS,507
1326,WKS,507
1327,WKS,507
1328,WKS,508
1329,WKS,508
1330,WKS,508
1331,WKS,508
1332,WKS,508
1333,WKS,509
1334,WKS,509
1335,WKS,509
1336,WKS,510
1337,WKS,510
1338,WKS,510
1339,SEM,511
1340,SEM,512
1341,WKS,513
1342,SEM,514
1343,SEM,515
1344,SEM,515
1345,SEM,515
1346,SEM,516
1347,SEM,517
1348,SEM,518
1349,SEM,518
1350,SEM,518
1351,SEM,518
1352,SEM,518
1353,SEM,519
1354,Lecture,520
1355,SEM,521
1356,SEM,521
1357,SEM,521
1358,SEM,521
1359,SEM,521
1360,SEM,521
1361,SEM,521
1362,SEM,521
1363,SEM,521
1364,SEM,521
1365,SEM,521
1366,SEM,522
1367,Lecture,523
1368,Discussion,523
1369,Discussion,523
1370,Discussion,523
1371,Discussion,523
1372,Discussion,523
1373,Discussion,523
1374,Discussion,523
1375,Discussion,523
1376,Discussion,523
1377,Discussion,523
1378,Discussion,523
1379,Discussion,523
1380,Discussion,523
1381,Discussion,523
1382,Discussion,523
1383,Discussion,523
1384,Lecture,524
1385,Lecture,525
1386,Lecture,526
1387,Lecture,527
1388,Discussion,527
1389,Discussion,527
1390,Discussion,527
1391,Discussion,527
1392,Discussion,527
1393,Discussion,527
1394,Lecture,528
1395,Lecture,529
1396,Lecture,530
1397,Lecture,531
1398,Lecture,532
1399,Lecture,533
1400,Lecture,534
1401,Discussion,534
1402,Discussion,534
1403,Discussion,534
1404,Discussion,534
1405,Discussion,534
1406,Discussion,534
1407,Discussion,534
1408,Discussion,534
1409,Discussion,534
1410,Discussion,534
1411,Discussion,534
1412,Discussion,534
1413,Lecture,534
1414,Discussion,534
1415,Discussion,534
1416,Discussion,534
1417,Discussion,534
1418,Discussion,534
1419,Discussion,534
1420,Lecture,535
1421,Lecture,536
1422,Discussion,536
1423,Discussion,536
1424,Discussion,536
1425,Discussion,536
1426,Lecture,537
1427,SEM,538
1428,Lecture,539
1429,SEM,540
1430,SEM,540
1431,SEM,541
1432,SEM,542
1433,SEM,543
1434,Lecture,544
1435,SEM,545
1436,SEM,545
1437,SEM,545
1438,SEM,546
1439,SEM,547
1440,SEM,547
1441,SEM,548
1442,SEM,549
1443,Lecture,550
1444,Laboratory,551
1445,STO,552
1446,STO,552
1447,Discussion,552
1448,Discussion,552
1449,Lecture,553
1450,IND,554
1451,IND,554
1452,Laboratory,555
1453,Lecture,556
1454,IND,557
1455,IND,557
1456,Lecture,558
1457,Lecture,559
1458,Lecture,559
1459,Lecture,559
1460,Lecture,559
1461,Lecture,559
1462,SEM,560
1463,SEM,560
1464,SEM,560
1465,SEM,560
1466,SEM,560
1467,SEM,560
1468,SEM,560
1469,SEM,560
1470,SEM,560
1471,SEM,561
1472,SEM,561
1473,SEM,561
1474,SEM,561
1475,SEM,561
1476,SEM,561
1477,SEM,561
1478,SEM,561
1479,SEM,561
1480,SEM,561
1481,SEM,561
1482,SEM,561
1483,SEM,561
1484,SEM,561
1485,SEM,561
1486,SEM,561
1487,SEM,561
1488,SEM,561
1489,SEM,561
1490,SEM,561
1491,SEM,561
1492,SEM,561
1493,SEM,561
1494,SEM,561
1495,SEM,561
1496,SEM,561
1497,SEM,561
1498,SEM,561
1499,SEM,561
1500,SEM,561
1501,SEM,561
1502,SEM,561
1503,SEM,561
1504,SEM,561
1505,SEM,561
1506,SEM,561
1507,SEM,561
1508,SEM,561
1509,SEM,561
1510,SEM,561
1511,SEM,561
1512,SEM,561
1513,SEM,561
1514,SEM,561
1515,SEM,561
1516,SEM,561
1517,SEM,561
1518,SEM,561
1519,SEM,561
1520,SEM,561
1521,SEM,561
1522,SEM,561
1523,SEM,561
1524,SEM,561
1525,SEM,561
1526,SEM,561
1527,SEM,561
1528,SEM,561
1529,SEM,561
1530,SEM,561
1531,SEM,561
1532,SEM,561
1533,SEM,561
1534,SEM,561
1535,SEM,561
1536,SEM,561
1537,SEM,561
1538,SEM,561
1539,SEM,561
1540,SEM,561
1541,SEM,561
1542,SEM,561
1543,SEM,562
1544,SEM,562
1545,SEM,563
1546,SEM,563
1547,SEM,563
1548,SEM,563
1549,SEM,563
1550,SEM,564
1551,SEM,564
1552,SEM,564
1553,SEM,564
1554,SEM,564
1555,SEM,564
1556,WKS,565
1557,Lecture,566
1558,Lecture,566
1559,SEM,567
1560,SEM,567
1561,SEM,567
1562,WKS,568
1563,SEM,569
1564,SEM,570
1565,SEM,571
1566,Lecture,572
1567,Lecture,573
1568,Lecture,574
1569,Lecture,575
1570,Lecture,576
1571,Lecture,577
1572,Lecture,578
1573,Lecture,579
1574,Laboratory,580
1575,SPS,580
1576,Laboratory,580
1577,SPS,580
1578,Laboratory,580
1579,Laboratory,580
1580,Laboratory,580
1581,SPS,580
1582,Laboratory,580
1583,SPS,580
1584,Lecture,581
1585,Lecture,582
1586,Laboratory,582
1587,Laboratory,582
1588,Lecture,583
1589,Lecture,584
1590,Laboratory,585
1591,Laboratory,585
1592,Laboratory,585
1593,Laboratory,585
1594,Laboratory,585
1595,Laboratory,585
1596,Lecture,586
1597,Laboratory,587
1598,Laboratory,587
1599,Laboratory,587
1600,Laboratory,587
1601,Lecture,588
1602,Laboratory,589
1603,Laboratory,589
1604,Laboratory,589
1605,Laboratory,589
1606,SEM,590
1607,SEM,591
1608,Lecture,592
1609,Lecture,593
1610,Lecture,594
1611,Lecture,595
1612,Lecture,596
1613,Lecture,597
1614,Lecture,598
1615,Lecture,599
1616,Lecture,600
1617,Laboratory,600
1618,Lecture,601
1619,Lecture,602
1620,Lecture,603
1621,Laboratory,604
1622,SEM,605
1623,SEM,605
1624,SEM,605
1625,Lecture,606
1626,Lecture,606
1627,Lecture,606
1628,Lecture,607
1629,Lecture,607
1630,Lecture,607
1631,Lecture,607
1632,Lecture,608
1633,Lecture,608
1634,Lecture,609
1635,Lecture,609
1636,Lecture,609
1637,Lecture,609
1638,Lecture,609
1639,Lecture,609
1640,Lecture,610
1641,Lecture,610
1642,Lecture,610
1643,Lecture,610
1644,Lecture,610
1645,Lecture,610
1646,Lecture,610
1647,Discussion,611
1648,Lecture,612
1649,SEM,613
1650,SEM,613
1651,SEM,613
1652,SEM,613
1653,SEM,614
1654,SEM,614
1655,SEM,614
1656,SEM,614
1657,Lecture,615
1658,SEM,616
1659,Lecture,617
1660,SEM,618
1661,Lecture,619
1662,Lecture,620
1663,Lecture,621
1664,SEM,622
1665,SEM,623
1666,SEM,623
1667,Lecture,624
1668,Lecture,625
1669,Lecture,626
1670,Lecture,627
1671,SEM,628
1672,SEM,629
1673,Lecture,630
1674,Lecture,630
1675,Lecture,631
1676,Lecture,632
1677,Lecture,632
1678,Lecture,632
1679,Lecture,632
1680,Lecture,633
1681,Lecture,633
1682,Lecture,634
1683,Lecture,634
1684,SEM,635
1685,Lecture,636
1686,Lecture,637
1687,Lecture,638
1688,Discussion,639
1689,Lecture,640
1690,SEM,641
1691,Lecture,642
1692,Lecture,643
1693,Lecture,644
1694,Lecture,645
1695,Lecture,646
1696,SEM,647
1697,Lecture,648
1698,Lecture,649
1699,IND,650
1700,Lecture,651
1701,Discussion,651
1702,Discussion,651
1703,Lecture,652
1704,Lecture,653
1705,Lecture,654
1706,Lecture,655
1707,Discussion,655
1708,Discussion,655
1709,Discussion,655
1710,Discussion,655
1711,Discussion,655
1712,Discussion,655
1713,Discussion,655
1714,Discussion,655
1715,Discussion,655
1716,Discussion,655
1717,Discussion,655
1718,Discussion,655
1719,Lecture,655
1720,Discussion,655
1721,Discussion,655
1722,Discussion,655
1723,Discussion,655
1724,Discussion,655
1725,Discussion,655
1726,Lecture,656
1727,SEM,657
1728,Lecture,658
1729,PRA,659
1730,SEM,660
1731,PRA,661
1732,Lecture,662
1733,Lecture,663
1734,STO,664
1735,WKS,665
1736,Lecture,666
1737,Lecture,667
1738,Lecture,668
1739,Lecture,669
1740,Lecture,670
1741,Lecture,671
1742,Lecture,672
1743,Lecture,673
1744,Lecture,674
1745,SEM,675
1746,Lecture,676
1747,SEM,677
1748,SEM,678
1749,SEM,678
1750,Lecture,679
1751,Discussion,679
1752,Discussion,679
1753,Discussion,679
1754,Lecture,680
1755,Lecture,681
1756,Lecture,682
1757,SEM,683
1758,SEM,683
1759,SEM,684
1760,Lecture,685
1761,Discussion,685
1762,Discussion,685
1763,Discussion,685
1764,Lecture,686
1765,Discussion,686
1766,Discussion,686
1767,Discussion,686
1768,Lecture,687
1769,Lecture,688
1770,Discussion,688
1771,Discussion,688
1772,Discussion,688
1773,Discussion,688
1774,Discussion,688
1775,Discussion,688
1776,Lecture,689
1777,Discussion,689
1778,Discussion,689
1779,Discussion,689
1780,Lecture,690
1781,Lecture,691
1782,Discussion,691
1783,Discussion,691
1784,Discussion,691
1785,SEM,692
1786,SEM,693
1787,Lecture,694
1788,Discussion,694
1789,Discussion,694
1790,Discussion,694
1791,Lecture,695
1792,Lecture,696
1793,Discussion,696
1794,Discussion,696
1795,Discussion,696
1796,Lecture,697
1797,Lecture,697
1798,Lecture,698
1799,Lecture,699
1800,SEM,700
1801,Lecture,701
1802,SEM,702
1803,Lecture,703
1804,Lecture,704
1805,Discussion,704
1806,Discussion,704
1807,Discussion,704
1808,Lecture,705
1809,Discussion,705
1810,Discussion,705
1811,Discussion,705
1812,Discussion,705
1813,Discussion,705
1814,Discussion,705
1815,SEM,706
1816,Lecture,707
1817,SEM,708
1818,SEM,708
1819,SEM,709
1820,SEM,709
1821,Lecture,710
1822,Discussion,710
1823,Discussion,710
1824,Discussion,710
1825,Lecture,711
1826,Discussion,711
1827,Discussion,711
1828,Discussion,711
1829,Lecture,712
1830,Lecture,713
1831,Discussion,713
1832,Discussion,713
1833,Discussion,713
1834,Lecture,714
1835,Discussion,714
1836,Discussion,714
1837,Discussion,714
1838,Discussion,714
1839,Discussion,714
1840,Discussion,714
1841,Lecture,715
1842,Discussion,715
1843,Discussion,715
1844,Discussion,715
1845,Discussion,715
1846,Discussion,715
1847,Discussion,715
1848,Lecture,716
1849,Discussion,716
1850,Discussion,716
1851,Discussion,716
1852,Lecture,717
1853,Lecture,718
1854,Lecture,719
1855,Discussion,719
1856,Discussion,719
1857,Discussion,719
1858,Discussion,719
1859,Discussion,719
1860,Discussion,719
1861,SEM,720
1862,Lecture,721
1863,Discussion,721
1864,Discussion,721
1865,Discussion,721
1866,Lecture,722
1867,Lecture,723
1868,Discussion,723
1869,Discussion,723
1870,Discussion,723
1871,SEM,724
1872,SEM,724
1873,SEM,724
1874,SEM,725
1875,IND,726
1876,SEM,727
1877,Lecture,728
1878,SEM,729
1879,Lecture,730
1880,SEM,730
1881,Lecture,730
1882,SEM,731
1883,Lecture,732
1884,SEM,733
1885,Lecture,734
1886,Lecture,734
1887,Lecture,734
1888,Lecture,734
1889,Lecture,734
1890,Lecture,734
1891,Lecture,735
1892,Lecture,735
1893,Lecture,735
1894,Lecture,735
1895,Lecture,736
1896,Lecture,737
1897,Lecture,738
1898,SEM,739
1899,Lecture,740
1900,SEM,741
1901,Lecture,742
1902,Lecture,742
1903,Lecture,742
1904,Lecture,742
1905,Lecture,743
1906,Lecture,743
1907,Lecture,743
1908,Lecture,744
1909,Lecture,745
1910,Lecture,745
1911,Lecture,746
1912,Lecture,747
1913,Lecture,748
1914,Lecture,749
1915,SEM,750
1916,SEM,751
1917,Lecture,752
1918,Lecture,753
1919,Lecture,754
1920,Lecture,754
1921,Lecture,754
1922,Lecture,755
1923,Lecture,756
1924,Lecture,757
1925,Lecture,758
1926,Lecture,759
1927,Lecture,760
1928,Lecture,761
1929,Lecture,762
1930,Lecture,762
1931,Lecture,763
1932,Lecture,764
1933,Lecture,765
1934,Lecture,765
1935,Lecture,766
1936,Lecture,767
1937,Lecture,768
1938,Lecture,769
1939,Lecture,770
1940,Lecture,771
1941,Lecture,771
1942,Lecture,771
1943,Lecture,772
1944,Lecture,772
1945,Lecture,772
1946,Lecture,772
1947,Lecture,772
1948,Lecture,772
1949,Lecture,773
1950,Lecture,773
1951,Lecture,774
1952,Lecture,774
1953,Lecture,775
1954,Lecture,775
1955,Lecture,776
1956,Lecture,776
1957,Lecture,777
1958,Lecture,778
1959,Lecture,779
1960,Lecture,780
1961,Lecture,781
1962,Lecture,782
1963,Lecture,783
1964,Lecture,783
1965,Lecture,783
1966,Lecture,784
1967,Lecture,785
1968,Lecture,786
1969,Lecture,787
1970,Lecture,788
1971,Lecture,789
1972,Lecture,790
1973,Lecture,790
1974,Lecture,791
1975,PRA,792
1976,Lecture,793
1977,SEM,794
1978,Lecture,795
1979,Lecture,796
1980,Laboratory,797
1981,Lecture,798
1982,Lecture,798
1983,Lecture,798
1984,Lecture,799
1985,Lecture,799
1986,Lecture,800
1987,Lecture,801
1988,Lecture,802
1989,Lecture,803
1990,SEM,804
1991,SEM,805
1992,SEM,805
1993,SEM,805
1994,SEM,805
1995,SEM,806
1996,Lecture,807
1997,Discussion,807
1998,Discussion,807
1999,Discussion,807
2000,Lecture,808
2001,Lecture,808
2002,Lecture,809
2003,Lecture,809
2004,Lecture,809
2005,Lecture,810
2006,Lecture,810
2007,Lecture,810
2008,Lecture,811
2009,Lecture,812
2010,PRA,813
2011,PRA,814
2012,PRA,815
2013,Lecture,816
2014,Lecture,817
2015,Lecture,818
2016,Discussion,818
2017,Discussion,818
2018,Discussion,818
2019,Discussion,818
2020,Lecture,819
2021,Discussion,819
2022,Discussion,819
2023,Discussion,819
2024,Discussion,819
2025,Discussion,819
2026,Discussion,819
2027,Discussion,819
2028,Discussion,819
2029,Discussion,819
2030,Lecture,820
2031,Lecture,821
2032,Discussion,821
2033,Discussion,821
2034,Discussion,821
2035,Discussion,821
2036,Lecture,822
2037,Lecture,823
2038,Discussion,823
2039,Discussion,823
2040,Discussion,823
2041,Discussion,823
2042,Lecture,824
2043,Discussion,824
2044,Discussion,824
2045,Discussion,824
2046,Discussion,824
2047,Discussion,824
2048,Discussion,824
2049,Discussion,824
2050,Discussion,824
2051,Lecture,825
2052,Lecture,825
2053,Lecture,826
2054,Lecture,826
2055,Lecture,827
2056,Lecture,827
2057,SEM,828
2058,SEM,828
2059,Lecture,829
2060,Lecture,830
2061,SEM,831
2062,SEM,832
2063,Lecture,833
2064,Lecture,834
2065,Discussion,834
2066,Discussion,834
2067,Discussion,834
2068,Discussion,834
2069,Lecture,835
2070,Lecture,836
2071,Lecture,837
2072,Lecture,838
2073,Lecture,839
2074,Lecture,840
2075,SEM,841
2076,Lecture,842
2077,Lecture,843
2078,Lecture,844
2079,Lecture,845
2080,Lecture,846
2081,Lecture,846
2082,Lecture,847
2083,Lecture,848
2084,Laboratory,848
2085,Laboratory,848
2086,Laboratory,848
2087,Laboratory,848
2088,Laboratory,848
2089,Laboratory,848
2090,Lecture,849
2091,Lecture,850
2092,Lecture,851
2093,Lecture,851
2094,Lecture,852
2095,Laboratory,852
2096,Laboratory,852
2097,Laboratory,852
2098,Lecture,853
2099,Lecture,854
2100,Lecture,855
2101,Laboratory,855
2102,Laboratory,855
2103,Lecture,856
2104,Laboratory,856
2105,Laboratory,856
2106,Laboratory,856
2107,Laboratory,856
2108,Lecture,857
2109,Lecture,858
2110,IND,859
2111,IND,860
2112,Lecture,861
2113,Lecture,862
2114,Lecture,862
2115,Lecture,862
2116,Lecture,862
2117,WKS,863
2118,Lecture,864
2119,Lecture,865
2120,Laboratory,865
2121,Laboratory,865
2122,Laboratory,865
2123,Lecture,866
2124,Lecture,867
2125,Lecture,868
2126,Lecture,868
2127,Lecture,869
2128,Lecture,870
2129,Discussion,870
2130,Lecture,870
2131,Discussion,870
2132,Lecture,871
2133,Lecture,871
2134,Lecture,871
2135,Lecture,871
2136,Lecture,871
2137,Lecture,871
2138,Lecture,871
2139,Lecture,871
2140,Lecture,872
2141,SPS,872
2142,Lecture,872
2143,Lecture,872
2144,Lecture,872
2145,Lecture,872
2146,Lecture,872
2147,Lecture,872
2148,Lecture,872
2149,Lecture,872
2150,Lecture,872
2151,Lecture,873
2152,Discussion,873
2153,Lecture,873
2154,Discussion,873
2155,Lecture,873
2156,Discussion,873
2157,Lecture,873
2158,Discussion,873
2159,Lecture,874
2160,Discussion,874
2161,Lecture,874
2162,Discussion,874
2163,Lecture,874
2164,Discussion,874
2165,Lecture,874
2166,Discussion,874
2167,Lecture,874
2168,Discussion,874
2169,Lecture,874
2170,Discussion,874
2171,Lecture,875
2172,Discussion,875
2173,Lecture,875
2174,Discussion,875
2175,Lecture,875
2176,Discussion,875
2177,Lecture,876
2178,Discussion,876
2179,Lecture,877
2180,Lecture,877
2181,Lecture,877
2182,Lecture,878
2183,Discussion,878
2184,Lecture,878
2185,Discussion,878
2186,Lecture,878
2187,Discussion,878
2188,Lecture,879
2189,Discussion,879
2190,Lecture,879
2191,Discussion,879
2192,Lecture,879
2193,Discussion,879
2194,Lecture,880
2195,Discussion,880
2196,Lecture,881
2197,Lecture,882
2198,Lecture,882
2199,Lecture,883
2200,Lecture,883
2201,Lecture,883
2202,Lecture,884
2203,Lecture,884
2204,Lecture,885
2205,Lecture,886
2206,Lecture,887
2207,Lecture,888
2208,Lecture,889
2209,Lecture,890
2210,Lecture,891
2211,Lecture,892
2212,Lecture,893
2213,Lecture,894
2214,Lecture,895
2215,Discussion,895
2216,Discussion,895
2217,Discussion,895
2218,Discussion,895
2219,Discussion,895
2220,Discussion,895
2221,Discussion,895
2222,Discussion,895
2223,Discussion,895
2224,Discussion,895
2225,Discussion,895
2226,Discussion,895
2227,Laboratory,896
2228,SEM,897
2229,SEM,898
2230,SEM,899
2231,SEM,900
2232,SEM,900
2233,SEM,901
2234,SEM,902
2235,SEM,903
2236,SEM,904
2237,SEM,905
2238,SEM,906
2239,SEM,907
2240,SEM,907
2241,SEM,907
2242,SEM,907
2243,SEM,907
2244,SEM,908
2245,SEM,909
2246,SEM,910
2247,SEM,910
2248,SEM,910
2249,SEM,910
2250,SEM,911
2251,SEM,911
2252,SEM,911
2253,SEM,911
2254,SEM,911
2255,SEM,911
2256,SEM,912
2257,SEM,913
2258,Lecture,914
2259,Discussion,914
2260,Discussion,914
2261,Discussion,914
2262,Discussion,914
2263,Discussion,914
2264,Discussion,914
2265,IND,915
2266,Lecture,916
2267,PRA,917
2268,SEM,918
2269,SEM,919
2270,IND,920
2271,SEM,921
2272,SEM,921
2273,SEM,921
2274,SEM,921
2275,SPS,921
2276,Lecture,922
2277,Lecture,923
2278,Lecture,924
2279,Lecture,925
2280,Lecture,926
2281,Lecture,927
2282,Lecture,927
2283,Lecture,927
2284,Lecture,928
2285,Lecture,929
2286,Lecture,929
2287,Lecture,929
2288,Laboratory,930
2289,Laboratory,930
2290,Lecture,931
2291,Lecture,931
2292,Lecture,931
2293,Laboratory,932
2294,Laboratory,932
2295,Lecture,933
2296,Lecture,933
2297,Laboratory,934
2298,Laboratory,934
2299,Lecture,935
2300,Lecture,935
2301,Laboratory,936
2302,Laboratory,936
2303,Lecture,937
2304,Lecture,938
2305,Lecture,938
2306,Lecture,938
2307,Lecture,939
2308,Lecture,940
2309,Lecture,941
2310,Lecture,942
2311,Laboratory,942
2312,Laboratory,942
2313,Laboratory,942
2314,Laboratory,942
2315,Laboratory,942
2316,Lecture,943
2317,Lecture,944
2318,Lecture,945
2319,Lecture,945
2320,SEM,946
2321,Lecture,947
2322,Lecture,948
2323,PRA,949
2324,PRA,950
2325,Lecture,951
2326,Lecture,952
2327,Discussion,952
2328,Discussion,952
2329,Lecture,952
2330,Lecture,952
2331,Discussion,952
2332,Lecture,952
2333,Discussion,952
2334,Discussion,952
2335,Discussion,952
2336,Discussion,952
2337,Discussion,952
2338,Discussion,952
2339,Discussion,952
2340,Lecture,953
2341,Lecture,954
2342,Lecture,954
2343,Lecture,954
2344,Lecture,954
2345,Lecture,954
2346,Lecture,954
2347,Lecture,954
2348,Lecture,954
2349,Lecture,954
2350,Lecture,954
2351,Lecture,954
2352,Lecture,954
2353,Lecture,954
2354,Lecture,954
2355,Lecture,954
2356,Lecture,954
2357,Laboratory,955
2358,STO,956
2359,Lecture,957
2360,Lecture,958
2361,STO,959
2362,STO,960
2363,Lecture,961
2364,Lecture,962
2365,PRA,963
2366,IND,964
2367,IND,964
2368,IND,964
2369,IND,964
2370,IND,965
2371,IND,965
2372,IND,965
2373,IND,965
2374,IND,966
2375,IND,966
2376,IND,966
2377,IND,966
2378,IND,967
2379,IND,967
2380,IND,967
2381,IND,967
2382,IND,968
2383,IND,969
2384,IND,969
2385,IND,969
2386,IND,969
2387,IND,969
2388,IND,970
2389,IND,970
2390,IND,970
2391,IND,970
2392,IND,970
2393,IND,971
2394,IND,971
2395,IND,971
2396,IND,971
2397,IND,971
2398,IND,972
2399,IND,972
2400,IND,972
2401,IND,972
2402,IND,972
2403,IND,973
2404,IND,973
2405,IND,973
2406,IND,973
2407,IND,974
2408,IND,974
2409,IND,974
2410,IND,974
2411,IND,975
2412,IND,975
2413,IND,976
2414,IND,976
2415,IND,977
2416,IND,978
2417,IND,979
2418,IND,980
2419,IND,981
2420,IND,981
2421,IND,981
2422,IND,981
2423,IND,982
2424,IND,982
2425,IND,982
2426,IND,983
2427,IND,983
2428,IND,983
2429,IND,983
2430,IND,983
2431,IND,984
2432,IND,984
2433,IND,984
2434,IND,984
2435,IND,984
2436,IND,985
2437,IND,985
2438,IND,985
2439,IND,985
2440,IND,986
2441,IND,986
2442,IND,987
2443,IND,988
2444,IND,988
2445,Lecture,989
2446,Lecture,989
2447,Lecture,989
2448,Lecture,990
2449,Discussion,990
2450,Discussion,990
2451,Discussion,990
2452,Lecture,991
2453,SEM,992
2454,Lecture,993
2455,Discussion,993
2456,Discussion,993
2457,Discussion,993
2458,Discussion,993
2459,Discussion,993
2460,Discussion,993
2461,Discussion,993
2462,Discussion,993
2463,Discussion,993
2464,Lecture,994
2465,Lecture,995
2466,SEM,996
2467,Lecture,997
2468,Lecture,998
2469,Lecture,999
2470,Lecture,999
2471,Lecture,1000
2472,IND,1001
2473,Lecture,1002
2474,Lecture,1003
2475,Lecture,1004
2476,Lecture,1005
2477,Lecture,1006
2478,SEM,1007
2479,Lecture,1008
2480,Lecture,1009
2481,PRA,1010
2482,SEM,1011
2483,SEM,1012
2484,Laboratory,1012
2485,Laboratory,1012
2486,Laboratory,1012
2487,SEM,1013
2488,Lecture,1014
2489,Laboratory,1014
2490,Laboratory,1014
2491,Laboratory,1014
2492,SEM,1015
2493,SEM,1016
2494,IND,1017
2495,IND,1017
2496,IND,1017
2497,Lecture,1018
2498,Lecture,1019
2499,Lecture,1020
2500,Lecture,1021
2501,Lecture,1022
2502,Lecture,1023
2503,Lecture,1024
2504,Lecture,1024
2505,Lecture,1025
2506,Lecture,1026
2507,Lecture,1027
2508,Lecture,1027
2509,IND,1028
2510,IND,1028
2511,IND,1028
2512,IND,1028
2513,IND,1028
2514,IND,1028
2515,IND,1028
2516,IND,1028
2517,IND,1028
2518,IND,1028
2519,IND,1028
2520,IND,1028
2521,IND,1028
2522,IND,1028
2523,IND,1028
2524,IND,1028
2525,IND,1028
2526,IND,1028
2527,IND,1028
2528,IND,1028
2529,IND,1028
2530,IND,1028
2531,Lecture,1029
2532,IND,1030
2533,IND,1030
2534,IND,1030
2535,IND,1030
2536,IND,1030
2537,IND,1030
2538,IND,1030
2539,IND,1030
2540,IND,1030
2541,IND,1030
2542,IND,1030
2543,IND,1030
2544,IND,1030
2545,IND,1030
2546,IND,1030
2547,SEM,1031
2548,SEM,1031
2549,SEM,1032
2550,CLN,1032
2551,CLN,1032
2552,CLN,1032
2553,CLN,1032
2554,CLN,1032
2555,CLN,1032
2556,CLN,1032
2557,CLN,1032
2558,CLN,1032
2559,CLN,1032
2560,CLN,1032
2561,CLN,1032
2562,Lecture,1033
2563,CLN,1033
2564,CLN,1033
2565,CLN,1033
2566,CLN,1033
2567,CLN,1033
2568,CLN,1033
2569,Lecture,1034
2570,CLN,1034
2571,CLN,1034
2572,CLN,1034
2573,CLN,1034
2574,CLN,1034
2575,Lecture,1035
2576,Lecture,1036
2577,CLN,1036
2578,CLN,1036
2579,CLN,1036
2580,CLN,1036
2581,CLN,1036
2582,Lecture,1037
2583,CLN,1037
2584,CLN,1037
2585,CLN,1037
2586,CLN,1037
2587,CLN,1037
2588,CLN,1037
2589,Lecture,1038
2590,Lecture,1038
2591,Lecture,1039
2592,Lecture,1039
2593,Lecture,1039
2594,Lecture,1040
2595,Discussion,1041
2596,PRA,1041
2597,PRA,1041
2598,PRA,1041
2599,PRA,1041
2600,PRA,1041
2601,PRA,1041
2602,PRA,1041
2603,PRA,1041
2604,PRA,1041
2605,PRA,1041
2606,PRA,1041
2607,PRA,1041
2608,Discussion,1041
2609,Lecture,1042
2610,Lecture,1043
2611,Laboratory,1043
2612,Laboratory,1043
2613,Laboratory,1043
2614,Lecture,1044
2615,Laboratory,1045
2616,Lecture,1046
2617,Lecture,1047
2618,Lecture,1047
2619,Lecture,1048
2620,SEM,1049
2621,Lecture,1050
2622,Lecture,1050
2623,Lecture,1051
2624,Lecture,1052
2625,Laboratory,1052
2626,Lecture,1053
2627,Lecture,1053
2628,Lecture,1054
2629,Lecture,1054
2630,Lecture,1054
2631,Lecture,1055
2632,SEM,1056
2633,Lecture,1057
2634,Lecture,1058
2635,Lecture,1059
2636,IND,1060
2637,Lecture,1061
2638,Lecture,1062
2639,Lecture,1063
2640,Lecture,1064
2641,Lecture,1065
2642,Discussion,1065
2643,Discussion,1065
2644,Discussion,1065
2645,Discussion,1065
2646,Discussion,1065
2647,Discussion,1065
2648,Discussion,1065
2649,Discussion,1065
2650,Discussion,1065
2651,Lecture,1066
2652,Lecture,1066
2653,Lecture,1066
2654,Lecture,1067
2655,Discussion,1067
2656,Discussion,1067
2657,Discussion,1067
2658,Discussion,1067
2659,Discussion,1067
2660,Discussion,1067
2661,Lecture,1068
2662,Discussion,1068
2663,Discussion,1068
2664,Discussion,1068
2665,Discussion,1068
2666,Discussion,1068
2667,Discussion,1068
2668,Discussion,1068
2669,Discussion,1068
2670,Discussion,1068
2671,Lecture,1069
2672,Discussion,1069
2673,Discussion,1069
2674,Discussion,1069
2675,Lecture,1070
2676,Lecture,1070
2677,Lecture,1071
2678,Discussion,1071
2679,Discussion,1071
2680,Discussion,1071
2681,Discussion,1071
2682,Discussion,1071
2683,Discussion,1071
2684,Lecture,1072
2685,Discussion,1072
2686,Discussion,1072
2687,Discussion,1072
2688,Lecture,1073
2689,Lecture,1074
2690,Lecture,1075
2691,Lecture,1076
2692,SEM,1077
2693,Lecture,1078
2694,SEM,1079
2695,Lecture,1080
2696,Lecture,1081
2697,Lecture,1082
2698,Lecture,1083
2699,Lecture,1084
2700,Lecture,1085
2701,Lecture,1085
2702,Lecture,1086
2703,Lecture,1087
2704,Lecture,1088
2705,Lecture,1089
2706,Lecture,1089
2707,Lecture,1089
2708,Lecture,1089
2709,Laboratory,1090
2710,Laboratory,1090
2711,Laboratory,1090
2712,Laboratory,1090
2713,Laboratory,1090
2714,Laboratory,1090
2715,Laboratory,1090
2716,Laboratory,1090
2717,Laboratory,1090
2718,Laboratory,1090
2719,Laboratory,1090
2720,Laboratory,1090
2721,Laboratory,1090
2722,Laboratory,1090
2723,Laboratory,1090
2724,Laboratory,1090
2725,Laboratory,1090
2726,Laboratory,1090
2727,Laboratory,1090
2728,Laboratory,1090
2729,Laboratory,1090
2730,Laboratory,1090
2731,Lecture,1091
2732,Lecture,1092
2733,Lecture,1093
2734,Lecture,1093
2735,Laboratory,1094
2736,Laboratory,1094
2737,Laboratory,1094
2738,Laboratory,1094
2739,Laboratory,1094
2740,Laboratory,1094
2741,Laboratory,1094
2742,Laboratory,1094
2743,Laboratory,1094
2744,Laboratory,1094
2745,Laboratory,1094
2746,Laboratory,1094
2747,Laboratory,1094
2748,Laboratory,1094
2749,Lecture,1095
2750,Lecture,1095
2751,Laboratory,1096
2752,Laboratory,1096
2753,Laboratory,1096
2754,Laboratory,1096
2755,Laboratory,1096
2756,Lecture,1097
2757,Discussion,1097
2758,Lecture,1098
2759,Laboratory,1098
2760,Laboratory,1098
2761,Laboratory,1098
2762,Lecture,1098
2763,Lecture,1099
2764,Lecture,1100
2765,Laboratory,1101
2766,Lecture,1102
2767,Lecture,1103
2768,Lecture,1104
2769,Lecture,1105
2770,Lecture,1106
2771,IND,1107
2772,IND,1108
2773,IND,1108
2774,IND,1108
2775,IND,1108
2776,IND,1108
2777,IND,1108
2778,IND,1108
2779,IND,1108
2780,IND,1108
2781,IND,1108
2782,IND,1108
2783,IND,1108
2784,IND,1108
2785,IND,1108
2786,IND,1108
2787,IND,1108
2788,IND,1108
2789,IND,1108
2790,IND,1108
2791,IND,1108
2792,IND,1108
2793,IND,1108
2794,IND,1108
2795,IND,1108
2796,IND,1108
2797,IND,1108
2798,IND,1108
2799,IND,1108
2800,IND,1108
2801,IND,1108
2802,IND,1108
2803,IND,1108
2804,IND,1108
2805,IND,1108
2806,IND,1108
2807,IND,1108
2808,IND,1108
2809,IND,1108
2810,IND,1108
2811,IND,1108
2812,IND,1108
2813,IND,1108
2814,IND,1108
2815,Lecture,1109
2816,STO,1110
2817,Lecture,1111
2818,WKS,1112
2819,WKS,1113
2820,Lecture,1114
2821,Lecture,1115
2822,PRA,1116
2823,Lecture,1117
2824,Lecture,1118
2825,Lecture,1118
2826,SEM,1119
2827,Lecture,1120
2828,Discussion,1120
2829,Discussion,1120
2830,Discussion,1120
2831,Discussion,1120
2832,Discussion,1120
2833,Discussion,1120
2834,Discussion,1120
2835,Discussion,1120
2836,Discussion,1120
2837,Discussion,1120
2838,Discussion,1120
2839,Discussion,1120
2840,SEM,1121
2841,SEM,1122
2842,SEM,1122
2843,SEM,1123
2844,SEM,1124
2845,SEM,1124
2846,SEM,1124
2847,SEM,1124
2848,SEM,1124
2849,SEM,1125
2850,SEM,1126
2851,Lecture,1127
2852,Lecture,1128
2853,Lecture,1129
2854,Discussion,1129
2855,Discussion,1129
2856,Discussion,1129
2857,Discussion,1129
2858,Discussion,1129
2859,Discussion,1129
2860,SEM,1130
2861,SEM,1131
2862,SEM,1132
2863,SEM,1132
2864,Lecture,1133
2865,Discussion,1133
2866,Discussion,1133
2867,Discussion,1133
2868,Discussion,1133
2869,Discussion,1133
2870,Discussion,1133
2871,Discussion,1133
2872,Discussion,1133
2873,Discussion,1133
2874,Lecture,1134
2875,Discussion,1134
2876,Discussion,1134
2877,Discussion,1134
2878,Discussion,1134
2879,Discussion,1134
2880,Discussion,1134
2881,Discussion,1134
2882,Discussion,1134
2883,Discussion,1134
2884,SEM,1135
2885,SEM,1136
2886,SEM,1137
2887,Lecture,1138
2888,Discussion,1138
2889,Discussion,1138
2890,Discussion,1138
2891,Discussion,1138
2892,Discussion,1138
2893,Discussion,1138
2894,Lecture,1139
2895,Discussion,1139
2896,Discussion,1139
2897,Discussion,1139
2898,Lecture,1140
2899,Discussion,1140
2900,Discussion,1140
2901,Discussion,1140
2902,Lecture,1141
2903,SEM,1142
2904,SEM,1143
2905,SEM,1143
2906,Lecture,1144
2907,Lecture,1145
2908,Lecture,1146
2909,Lecture,1147
2910,Lecture,1148
2911,Lecture,1149
2912,Lecture,1149
2913,SEM,1150
2914,SEM,1151
2915,SEM,1151
2916,Lecture,1152
2917,Lecture,1152
2918,Lecture,1153
2919,Lecture,1154
2920,Discussion,1154
2921,Discussion,1154
2922,Lecture,1155
2923,Lecture,1156
2924,Lecture,1156
2925,Lecture,1157
2926,Lecture,1158
2927,Lecture,1159
2928,Lecture,1160
2929,Lecture,1161
2930,Lecture,1162
2931,IND,1163
2932,IND,1163
2933,IND,1163
2934,IND,1163
2935,IND,1163
2936,IND,1163
2937,IND,1163
2938,IND,1163
2939,IND,1163
2940,IND,1163
2941,IND,1163
2942,IND,1163
2943,IND,1163
2944,IND,1163
2945,IND,1163
2946,IND,1163
2947,IND,1163
2948,IND,1163
2949,IND,1163
2950,IND,1163
2951,IND,1163
2952,IND,1163
2953,IND,1163
2954,IND,1163
2955,IND,1163
2956,IND,1163
2957,IND,1163
2958,IND,1163
2959,IND,1163
2960,IND,1163
2961,IND,1163
2962,IND,1163
2963,IND,1163
2964,IND,1163
2965,IND,1163
2966,IND,1163
2967,IND,1163
2968,IND,1163
2969,IND,1163
2970,SEM,1164
2971,SEM,1165
2972,Lecture,1166
2973,SEM,1167
2974,Lecture,1168
2975,SEM,1169
2976,Lecture,1170
2977,SEM,1171
2978,SEM,1171
2979,SEM,1171
2980,SEM,1171
2981,SEM,1171
2982,SEM,1171
2983,SEM,1171
2984,SEM,1171
2985,IND,1172
2986,IND,1172
2987,SEM,1173
2988,SEM,1174
2989,Lecture,1175
2990,SEM,1176
2991,SEM,1177
2992,Lecture,1178
2993,Discussion,1178
2994,Discussion,1178
2995,Discussion,1178
2996,Discussion,1178
2997,Discussion,1178
2998,Discussion,1178
2999,Lecture,1179
3000,Discussion,1179
3001,Discussion,1179
3002,Discussion,1179
3003,Discussion,1179
3004,Discussion,1179
3005,Discussion,1179
3006,SEM,1180
3007,Lecture,1181
3008,Discussion,1181
3009,Discussion,1181
3010,Discussion,1181
3011,Discussion,1181
3012,Discussion,1181
3013,Lecture,1182
3014,Discussion,1182
3015,Discussion,1182
3016,Discussion,1182
3017,Lecture,1183
3018,Discussion,1183
3019,Discussion,1183
3020,Discussion,1183
3021,SEM,1184
3022,Lecture,1185
3023,Lecture,1186
3024,Lecture,1187
3025,SEM,1188
3026,SEM,1189
3027,Lecture,1190
3028,SEM,1191
3029,Lecture,1192
3030,Lecture,1193
3031,Discussion,1193
3032,Discussion,1193
3033,Discussion,1193
3034,Discussion,1193
3035,Discussion,1193
3036,Discussion,1193
3037,Lecture,1194
3038,Lecture,1195
3039,SEM,1196
3040,Discussion,1196
3041,Discussion,1196
3042,Discussion,1196
3043,Lecture,1197
3044,Discussion,1197
3045,Discussion,1197
3046,Discussion,1197
3047,Discussion,1197
3048,Discussion,1197
3049,Discussion,1197
3050,Lecture,1198
3051,Discussion,1198
3052,Discussion,1198
3053,Discussion,1198
3054,Discussion,1198
3055,Discussion,1198
3056,Discussion,1198
3057,Discussion,1198
3058,Discussion,1198
3059,Discussion,1198
3060,Discussion,1198
3061,Discussion,1198
3062,Discussion,1198
3063,Lecture,1199
3064,SEM,1200
3065,SEM,1201
3066,SEM,1202
3067,SEM,1203
3068,Lecture,1204
3069,SEM,1205
3070,SEM,1206
3071,SEM,1207
3072,Lecture,1208
3073,Discussion,1208
3074,Discussion,1208
3075,Discussion,1208
3076,Discussion,1208
3077,Discussion,1208
3078,Discussion,1208
3079,Discussion,1208
3080,Discussion,1208
3081,Discussion,1208
3082,SEM,1209
3083,Lecture,1210
3084,Lecture,1211
3085,SEM,1212
3086,Lecture,1213
3087,Discussion,1213
3088,Discussion,1213
3089,Discussion,1213
3090,Discussion,1213
3091,Lecture,1214
3092,Lecture,1215
3093,Lecture,1216
3094,Lecture,1217
3095,SEM,1218
3096,Lecture,1219
3097,Lecture,1220
3098,SEM,1221
3099,Lecture,1222
3100,Lecture,1222
3101,Discussion,1222
3102,Discussion,1222
3103,Discussion,1222
3104,Lecture,1223
3105,Lecture,1223
3106,Discussion,1223
3107,Discussion,1223
3108,Lecture,1224
3109,Lecture,1225
3110,Lecture,1226
3111,Lecture,1227
3112,Lecture,1228
3113,Lecture,1229
3114,Lecture,1230
3115,Lecture,1231
3116,Lecture,1232
3117,Lecture,1233
3118,Lecture,1234
3119,Lecture,1235
3120,Discussion,1235
3121,Discussion,1235
3122,Discussion,1235
3123,Discussion,1235
3124,Discussion,1235
3125,Discussion,1235
3126,Discussion,1235
3127,Discussion,1235
3128,Discussion,1235
3129,Discussion,1235
3130,Discussion,1235
3131,Discussion,1235
3132,Lecture,1236
3133,Discussion,1236
3134,Discussion,1236
3135,Discussion,1236
3136,Discussion,1236
3137,Discussion,1236
3138,Discussion,1236
3139,Discussion,1236
3140,Discussion,1236
3141,Discussion,1236
3142,Lecture,1237
3143,Discussion,1237
3144,Discussion,1237
3145,Discussion,1237
3146,Lecture,1238
3147,Lecture,1239
3148,Discussion,1239
3149,Discussion,1239
3150,Discussion,1239
3151,Lecture,1240
3152,Discussion,1240
3153,Discussion,1240
3154,Discussion,1240
3155,Lecture,1241
3156,Lecture,1242
3157,Lecture,1243
3158,Lecture,1244
3159,Lecture,1245
3160,Lecture,1246
3161,Discussion,1246
3162,Discussion,1246
3163,Discussion,1246
3164,Lecture,1247
3165,Laboratory,1247
3166,Laboratory,1247
3167,Laboratory,1247
3168,Laboratory,1247
3169,Lecture,1248
3170,Discussion,1248
3171,Discussion,1248
3172,Discussion,1248
3173,Lecture,1249
3174,Lecture,1250
3175,Lecture,1251
3176,Lecture,1252
3177,Lecture,1253
3178,Lecture,1253
3179,Lecture,1254
3180,Lecture,1255
3181,Lecture,1256
3182,Lecture,1257
3183,Lecture,1258
3184,SEM,1259
3185,SEM,1260
3186,SEM,1261
3187,SEM,1262
3188,SEM,1262
3189,SEM,1263
3190,SEM,1264
3191,SEM,1264
3192,SEM,1265
3193,SEM,1265
3194,SEM,1266
3195,Lecture,1267
3196,Lecture,1268
3197,Lecture,1268
3198,Lecture,1268
3199,Lecture,1268
3200,Lecture,1268
3201,Lecture,1268
3202,Lecture,1268
3203,Lecture,1268
3204,Lecture,1268
3205,Lecture,1268
3206,Lecture,1268
3207,Lecture,1268
3208,Lecture,1268
3209,Lecture,1269
3210,Lecture,1269
3211,Lecture,1269
3212,Lecture,1269
3213,Lecture,1269
3214,Lecture,1269
3215,Lecture,1269
3216,Lecture,1269
3217,Lecture,1269
3218,Lecture,1269
3219,Lecture,1269
3220,Lecture,1269
3221,Lecture,1269
3222,Lecture,1269
3223,Lecture,1269
3224,Lecture,1269
3225,Lecture,1269
3226,Lecture,1270
3227,Lecture,1270
3228,Lecture,1270
3229,Lecture,1270
3230,Lecture,1270
3231,Lecture,1270
3232,Lecture,1270
3233,Lecture,1270
3234,Lecture,1270
3235,Lecture,1270
3236,Lecture,1270
3237,Lecture,1270
3238,Lecture,1270
3239,Lecture,1270
3240,Lecture,1270
3241,Lecture,1270
3242,Lecture,1270
3243,Lecture,1270
3244,Lecture,1270
3245,Lecture,1270
3246,Lecture,1270
3247,Lecture,1270
3248,Lecture,1270
3249,Lecture,1270
3250,Lecture,1270
3251,Lecture,1270
3252,Lecture,1270
3253,Lecture,1270
3254,Lecture,1271
3255,Lecture,1271
3256,Lecture,1271
3257,Lecture,1271
3258,Lecture,1271
3259,Lecture,1271
3260,Lecture,1271
3261,Lecture,1271
3262,Lecture,1272
3263,Lecture,1273
3264,Lecture,1274
3265,Lecture,1274
3266,Lecture,1274
3267,Lecture,1274
3268,Lecture,1275
3269,Lecture,1276
3270,Lecture,1276
3271,Lecture,1276
3272,Lecture,1276
3273,Lecture,1276
3274,Lecture,1276
3275,Lecture,1276
3276,Lecture,1277
3277,Lecture,1277
3278,Lecture,1278
3279,Lecture,1278
3280,Lecture,1279
3281,Lecture,1279
3282,Lecture,1280
3283,Lecture,1280
3284,Lecture,1281
3285,Lecture,1282
3286,Lecture,1283
3287,Lecture,1284
3288,Lecture,1285
3289,Lecture,1286
3290,Lecture,1286
3291,Lecture,1286
3292,Lecture,1287
3293,Lecture,1288
3294,Lecture,1289
3295,Lecture,1290
3296,PRA,1291
3297,Lecture,1292
3298,Lecture,1292
3299,Lecture,1293
3300,Lecture,1293
3301,Lecture,1293
3302,Lecture,1294
3303,Lecture,1294
3304,Lecture,1294
3305,Laboratory,1294
3306,Laboratory,1294
3307,Laboratory,1294
3308,Laboratory,1294
3309,Lecture,1295
3310,Laboratory,1295
3311,Laboratory,1295
3312,Laboratory,1295
3313,Laboratory,1295
3314,Laboratory,1295
3315,Lecture,1295
3316,Lecture,1295
3317,Lecture,1296
3318,Lecture,1296
3319,Lecture,1296
3320,Lecture,1297
3321,Lecture,1297
3322,Lecture,1298
3323,Lecture,1299
3324,Lecture,1299
3325,Lecture,1300
3326,Lecture,1300
3327,Lecture,1301
3328,Lecture,1302
3329,Lecture,1303
3330,Lecture,1303
3331,Lecture,1304
3332,Lecture,1304
3333,Discussion,1304
3334,Discussion,1304
3335,Discussion,1304
3336,Discussion,1304
3337,Discussion,1304
3338,Discussion,1304
3339,Discussion,1304
3340,Discussion,1304
3341,Discussion,1304
3342,Lecture,1305
3343,Lecture,1306
3344,Lecture,1306
3345,Lecture,1306
3346,Lecture,1307
3347,Lecture,1308
3348,Lecture,1309
3349,Lecture,1310
3350,Lecture,1311
3351,Lecture,1312
3352,Lecture,1312
3353,Lecture,1312
3354,Lecture,1312
3355,Lecture,1312
3356,Lecture,1312
3357,Lecture,1312
3358,Lecture,1312
3359,Lecture,1312
3360,Lecture,1312
3361,Lecture,1312
3362,Lecture,1312
3363,Lecture,1312
3364,Lecture,1312
3365,Lecture,1312
3366,Lecture,1312
3367,Lecture,1312
3368,Lecture,1312
3369,Lecture,1312
3370,Lecture,1312
3371,Lecture,1312
3372,Lecture,1312
3373,Lecture,1313
3374,Lecture,1313
3375,Lecture,1314
3376,SEM,1315
3377,Lecture,1316
3378,Lecture,1317
3379,Lecture,1318
3380,Lecture,1319
3381,Lecture,1320
3382,Lecture,1321
3383,Laboratory,1321
3384,Laboratory,1321
3385,Lecture,1322
3386,Lecture,1323
3387,Lecture,1324
3388,Lecture,1324
3389,Lecture,1324
3390,Lecture,1324
3391,Lecture,1324
3392,Lecture,1324
3393,Lecture,1324
3394,Lecture,1324
3395,Lecture,1324
3396,Lecture,1324
3397,Lecture,1324
3398,Lecture,1324
3399,Lecture,1324
3400,Lecture,1324
3401,Lecture,1324
3402,Lecture,1324
3403,Lecture,1324
3404,Lecture,1324
3405,Lecture,1324
3406,Lecture,1325
3407,Laboratory,1326
3408,Lecture,1327
3409,Lecture,1327
3410,SEM,1328
3411,SEM,1328
3412,SEM,1329
3413,SEM,1329
3414,SEM,1329
3415,SEM,1329
3416,SEM,1329
3417,SEM,1329
3418,Lecture,1330
3419,Lecture,1331
3420,SEM,1332
3421,SEM,1332
3422,SEM,1332
3423,SEM,1332
3424,SEM,1332
3425,Lecture,1335
3426,Discussion,1335
3427,Discussion,1335
3428,Discussion,1335
3429,Discussion,1335
3430,Discussion,1335
3431,Discussion,1335
3432,Lecture,1336
3433,Lecture,1337
3434,Lecture,1338
3435,Lecture,1339
3436,SEM,1340
3437,SEM,1341
3438,SEM,1342
3439,SEM,1342
3440,SEM,1342
3441,Lecture,1343
3442,Discussion,1343
3443,Discussion,1343
3444,Discussion,1343
3445,Lecture,1344
3446,Lecture,1345
3447,SEM,1346
3448,SEM,1347
3449,SEM,1347
3450,SEM,1347
